category,description
covid,"#Kerala Private hospitals #covid treatment rates in ü?? General Ward 2300 HDU 3300 ICU 6500 ICU ventilator 11,500 Inü?? https://t.co/NWgix2xAUj"
covid,"Due to the epidemic I'm giving $80 - $1000 to any person out there looking, it might not be able to go round but iü?? https://t.co/BfX03CbW6F"
covid,@JoeBiden What fight is the creepy and delusional basement dweller referring to? The only battle is keepingü?? https://t.co/gD8rzRpSc5
covid,395 new cases and 3 new deaths in Uzbekistan   [13:22 GMT] #coronavirus #CoronaVirusUpdate #COVID19 #CoronavirusPandemic
covid,"#BIGNEWS: #Rajasthan Governor Kalraj Mishra appeals to all #COVID19 recovered patients to donate their plasma, saysü?? https://t.co/oNsDHDdaYG"
covid,"ü??Until the day we have a medical vaccine, food is the best vaccine against chaos.ü?  - @WFPChief David Beasley.   Amü?? https://t.co/pEYhGxDRPN"
covid,In Nigeria hapless and unfortunate citizens are taxed ever increasing tariffs for these things. Even without lettinü?? https://t.co/860upMqDYV
covid,Your friendly weekend reminder that COVID didnü??t go away because you got bored.   #wearamask #covid #covid19ü?? https://t.co/5Xjoivu9Ze
covid,Local TV stations owned by Sinclair Broadcast Group are set to air discredited Plandemic researcher's conspiracy thü?? https://t.co/RBoQTSdsns
covid,Photos: #UAE hospital launches support group for #Covid19 patients https://t.co/wLnFggHSQL
covid,@Intuitive1966 Yes but  ü??weü??re learning more about #COVID19 every dayü? &amp;  ü??weü??re listening to the scienceü?.ü?? https://t.co/aJW17HoIu8
covid,Alhamdulillah ü??? Coronavirus: No deaths reported for 48 hours in Qatar. ?????????  #Qatar #COVID19 #Coronavirusü?? https://t.co/29PAfpdt5x
covid,PRANIK'S Giloy Capsules gives you far-reaching benefits to fight against the infections and boost your immunity.ü?? https://t.co/JlZXHZT1A1
covid,"#COVID19: 5,690 RTPCR/CBNAAT/TrueNat tests and 14,819 Rapid antigen tests conducted today. A total of 9,29,244 testü?? https://t.co/LtdrWlVZiX"
covid,@RepMattGaetz @realDonaldTrump @GaetzTakes How much will dead and  #COVID19 sufferers spend?
covid,#Virtual #CHRO #PanelDiscussion on Re-imagining #workplaces amid #COVID19 on July 29  Register @ü?? https://t.co/OQhX0QZD4I
covid,@GovernorGregü??s actions killed.  Are still killing.  Whatü??s that word we use for people who willfully and intentionü?? https://t.co/6NUDsOh6zS
covid,Are people working in shops supposed to wear face covering? #COVID19 #England
covid,Delta flight departing from Detroit has to turn around as 2 guests refuse to wear masks #airlines  #coronavirusü?? https://t.co/vFyQ1AFrB7
covid,@fkeyamo Please can someone educate me on the application process since physical presence isn't possible due toü?? https://t.co/bD3Iek1PkE
covid,"Puerto Rico reports 573 new cases and 10 new deaths bringing total confirmed cases there to 14,540 and 201 total deü?? https://t.co/iNO9S2jXVY"
covid,"1,142 #COVID19 positive cases, 2,137 patients recovered/discharged/migrated and 29 deaths in Delhi today. There areü?? https://t.co/qF6QYCjcmd"
covid,Dying WITH #COVID19 is not the same as  Dying from #COVID19- huge difference.  The #FakeNews and #Democrats are usiü?? https://t.co/6JY9Z05zEf
covid,If you thought that you would have a shorter line by arrive 45 min early at the brewer testing center.... you wouldü?? https://t.co/DQxat0X8xO
covid,#Airlines that design #COVID19 recovery plans with human-centered mindset will likely be in the best position to thü?? https://t.co/aAfvuqvW0v
covid,Deeply saddened by the untimely demise of Constable Krishna Kanta Burman due to #COVID19. He was posted in Hastingsü?? https://t.co/uo48jr8l10
covid,"#Maharashtra Government Cuts Syllabus by 25% For Students in Class 1-12 in View of #COVID19 Pandemic, Says School Eü?? https://t.co/H58P59UuMV"
covid,#Jaipur | Rajasthan Government today started a #PlasmaBank at Sawai Man Singh Hospital in Jaipur for treatment ofü?? https://t.co/J1geY43a16
covid,"@USCIS unlike most of the federal government, largely depends on funding from fees it collects on citizenship, greeü?? https://t.co/7TCmWf6PU5"
covid,"Big Q: Parents: if you have flexibility to work from home or send your child to school, what would data/informationü?? https://t.co/tw7Dz1V0OG"
covid,How is the US such a colossal #COVID19 failure? https://t.co/jKcTgTF67V
covid,#Win a copy of the @positiv_planner with @motherhoodreal to support your #mentalhealth after #Covid19:ü?? https://t.co/6pYVeIIBJm
covid,"Rutland's own, supporting #COVID19 testing https://t.co/sVtRf11T3s"
covid,A lion never change its spots ????????????Katsande what is this now#Level2 #ThursdayMotivation #COVID19 #KaizerChiefs https://t.co/Y1qGjm9yLO
covid,"The #COVID19 crisis has significantly set women back through challenges, including job losses &amp; the #ShadowPandemicü?? https://t.co/aHizAc75Qp"
covid,Evidence from prisons in the United States provides a chilling warning. People in prison there are five times moreü?? https://t.co/eYAoDKmFRF
covid,A brand new study of UNDP Kyrgyzstan and @ADB_HQ revealed that due to #COVID19: ????10% gross domestic product declinü?? https://t.co/K9IxLgN129
covid,"#Coronavirus update (13th Aug)lIndia's #COVID19 tally rises to 23,96,638 including 6,53,622 active cases, 16,95,98ü?? https://t.co/92DbEYyo7w"
covid,Rethink leadership - honesty above all else @10DowningStreet @RobertJenrick  #COVID19 #coronavirusuk #BrexitShambles #BorisHasFailedUK
covid,"The future of AIü??the future is AI Artificial Intelligence (AI) Market to Garner $169,411.8 Million by 2025Enquiryü?? https://t.co/sUd1yZBAIK"
covid,No change in ex-Prez Mukherjeeü??s condition https://t.co/NkjFn80Dhy via @thesamikhsya #PranavMukherjee  #COVID19
covid,"#Danang #COVID19 patient's health gets worse quickly, prompting doctors to use #ECMO &amp; filter bloodü?? https://t.co/0c09GtUX61"
covid,@UrsulaIreneRay1 @VijayShadean #SouthAfrica #tourism @GoToSouthAfrica #CarteBlanche #COVID19 #Cricket #Rugby not sure of the breed
covid,How has having #ColleaguesForLife helped #DeloitteAlumni Karen Seminara-Patton co-found an organization to help medü?? https://t.co/xcbg2VesYY
covid,"Successful #openingday with a #grandslam #walkoff by matt_olson21 !Was anyone else thinking: SIX FEET, with this ceü?? https://t.co/x8WJ0FnIFq"
covid,#Brazilü??s #Bilsonaro who tested positive for #COVID19 says his latest test result was negative.
covid,"From more than 1,000 deaths in the US, fourth day in a row to questions about the global supply chain's ability toü?? https://t.co/wP58MfbT8E"
covid,"If you have been affected by the brief #COVID19 lock down, take some time to think of the animals we have permanentü?? https://t.co/6mEum6Ruau"
covid,"#COVID19: 1,142 positive cases, 2,137 patients recovered/discharged/migrated and 29 deaths in #Delhi today. There aü?? https://t.co/i8m34hJodD"
covid,Check out my latest article: Three Supply Chain Risks That Could Thwart A Successful COVID-19 Vaccineü?? https://t.co/3Tdkknwns7
covid,STOP FOGGY GLASSES WITH THIS HACK!!!!!! #COVID19 #facecoverings #maskproblems #facemask #hack #maskhack #MaskMoaners https://t.co/IjuRQVuBHL
covid,Symptom Duration and Risk Factors for Delayed Return to Usual Health Among Outpatients with #COVID19 in a Multistatü?? https://t.co/wNUL5Bd5Ok
covid,#COVID19 is the religion of 21st Century Jews fighting 21st Century Christian Evangelicals
covid,"@kenolin1 That's an admission from @realDonaldTrump, probably the only truth we'll ever hear from him, that he regrü?? https://t.co/QgrbHcUvy8"
covid,There must be bad #times in order to appreciate the #good ones. ~Jeffrey Duarte https://t.co/rRoQRhtM5Z #depressionü?? https://t.co/AetE9xyDbc
covid,PR :  @VishalKOfficial and his father Mr.G.K.Reddy tested positive for #Covid19 15/20 days back..  While #Vishal 'sü?? https://t.co/wV5foDZswX
covid,@BenJamesPhotos Pink #BENPC #LOCKDOWNPHOTOCHALLENGE #COVID19 #SaturdayMorning #flowers https://t.co/DLGgosBPjQ
covid,"National and state impact of #COVID19 on our elder population. This is a societal loss of wisdom, history, and of sü?? https://t.co/4gaIfWiDcB"
covid,"#COVID19 in #AndhraPradesh:  -7,813 new cases -52 more deaths -53,681 more samples tested -3,208 more discharged -Eü?? https://t.co/lKlZORk7r7"
covid,ALERT: Eye Opener: Rep. John Lewis remembered - Global Pandemic News | #Coronavirus #COVID19 #Protests -ü?? https://t.co/D8C1Ps4ebx
covid,"My uncle just tested positive for #COVID19 , we already lost 3 family members.   PLEASE wear a mask,social distance. https://t.co/YoXI0LbeLI"
covid,Venrap Radio Now Playing Venrap Radio by Stay safe during this #COVID19 we love you Download our app or listen onü?? https://t.co/eQQGBJ8M5E
covid,ü??The anxiety surrounding COVID-19 has caused Bipolar and Chronü??s Disease to flare up quite badlyü?  Read more of youü?? https://t.co/oMFMm4ALPR
covid,"We Shall Over Come! With victory in our minds in our #FightAgainstCorona, our retail outlets across India are adherü?? https://t.co/qwNPUCXbxj"
covid,"Absolutely NO... If they had, we wouldn't be standing at 3rd position worldwide with more than 12 lakh #COVID19 casü?? https://t.co/qxWoJLGCaZ"
covid,#CORONAVIRUS update 7/25/2020: *Nearly 40 countries report record single-day increases in infections. *US records oü?? https://t.co/PbHPWgfd6U
covid,"In the US, even those with insurance face possible economic burdens from the pandemic.  Tens of millions of Americaü?? https://t.co/Wje81ryIkV"
covid,Undercover inspectors are deployed by the @AbuDhabiDED to make sure that all anti- #Covid19 measures are being follü?? https://t.co/LNdyGBFXIt
covid,"Hospital cleaners, porters &amp; catering staff are unsung #COVID19 heroes. Tell @issworld to pay them a fair wageü?? https://t.co/tSrg8MgqLx"
covid,"#Manufacturing production activity begins to echo 2019 trends, indicating further industry normalization. But willü?? https://t.co/ZrjOg5KZqN"
covid,"#COVIDUpdates: AP records as many as 7,813 new cases in the last 24 hours taking the tally to 88,671. 52 deaths werü?? https://t.co/WRxXzhOFVA"
covid,Economies participating in the Asia-Pacific Economic Cooperation (#APEC) reaffirmed the prioritization of economicü?? https://t.co/fXIWpmUDNl
covid,WORLD #NEWS #TODAY SHORTENED FOR BUSY PEOPLE https://t.co/lcRKTCWIdy  #politics #trump #money #wisdom #leadershipü?? https://t.co/pPWyxba1SF
covid,"#APEC reaffirms #COVID19 economic recovery priorities, movement of essential goods https://t.co/sWRE9l9Fss"
covid,"July 25 #covid19 trend report for Dallas TX. DFW covid cases, hospitalizations, deaths, 7-day average.ü?? https://t.co/RztOCAn19h"
covid,Cautious optimism? Arizona May be plateauing with #COVID19   Potential good news.  https://t.co/j20GOpHK04
covid,"Want A #COVID19 Test? Itü??s Much Easier To Get In Wealthier, Whiter Neighborhoods #TestingWhileBlack https://t.co/vCdDRLHFEs"
covid,@jkenney @AdrianaLaGrange @RachelNotley @shoffmanAB sit in a room together &amp; find a solution please. Parents need yü?? https://t.co/xqaO5tG5UH
covid,"@WalshFreedom @freddyatton I just realized, if trump &amp; @GOP were to win (God Forbid) and they finally stripped ACA-ü?? https://t.co/gk8AS397q3"
covid,Pleased to share our interesting results from worldwide survey of impact of #covid19 on bariatric surgery. Need robü?? https://t.co/Xru8SrE3BK
covid,"????Remember when Trump told us that one day it would miraculously dissapearü???He was talking about your family, friendü?? https://t.co/mC4BnFqquE"
covid,"Hon. Municipal Commissioner, Shravan Hardikar appeals to all patients recovered from #COVID19 to #donate theirü?? https://t.co/DVfM8opTVv"
covid,"@NBCNews @TODAYshow 6 feet apart, no #masks, indoors. #COVID19 bad examples. How R U going 2 get the kids 2 wear emü?? https://t.co/EAD1loS5U7"
covid,The truth about #COVID19 has to be around here somewhere.  #coronavirus update #SaturdayMorning #saturdayvibes https://t.co/7hiLER0fHc
covid,@GMB talking about ü??stopping a 2nd spikeü?? of #covid19 - do people still not understand how #viruses work? This viruü?? https://t.co/xoRNHzaO3d
covid,Misconceptions persist about effectiveness and #privacy of Canada's #COVID19 Alert app | CBC News https://t.co/H8LHim2tmL
covid,It's been helpful to have regular briefings with the @WelshGovernment and we expect those to continue - @RCNWalesü?? https://t.co/FeYCkaMMBX
covid,The latest #AgChatOZ Daily! https://t.co/HUrp8m0HjG Thanks to @GrainProducerSA @fishconserve @JohnKeily1 #auspol #covid19
covid,"Are you taking your kids to parks to play w/ other kids? This dad thinks it's important and explains why. Parents,ü?? https://t.co/qENnpjgU8c"
covid,"#covid19 - England - Total Infections as of Wed 12th Aug 270,971 -  Euro neighbours France - 209,365Germany - 222,269Italy - 252,235"
covid,Why are apartment buildings exempt from the mask requirement? It makes no sense. There's probably 300 people in myü?? https://t.co/pS2nCZdPym
covid,Great tips from our friends at @samhsagov! #COVID19 #InThisTogether https://t.co/BtsiHvnGB3
covid,ALERT: Parents decide whether to send kids back to school as coronavirus spreads faster than ever - Global Pandemicü?? https://t.co/4xlpmk4Zel
covid,"Does a football jersey count? First MD in the NFL, opting out to care for others. #MedBikini #COVID19 @Chiefsü?? https://t.co/z3JtqQG6HQ"
covid,"ü??Since everything stopped because of the pandemic, I havenü??t had any information from [LALA]. Nobody has contactedü?? https://t.co/FvHjSj6mMJ"
covid,Pandemic could push more N. Carolina families to home school | Miami Herald https://t.co/7OhF8j1uMb #homeschooling #COVID19 #coronavirus #NC
covid,This impactful video by a Liv McNeil demonstrates in 3:22 minutes why all students need outdoor learning.ü?? https://t.co/t9j2ao0EVe
covid,Government (Tabla player) of most of the countries during #pandemic  #COVID #COVID19 https://t.co/7Ww1o4IFxL
covid,"Since everythingü??s changing with #COVID19, @RedSox can we start playing this version of Sweet Caroline at games? Thü?? https://t.co/572lQQDwhc"
covid,I use many sources for my #COVID19 guidance.   I do use the CDC for some things but I have to fact check their sourü?? https://t.co/ipYUezB7zh
covid,It so brilliant to see people awake and not accepting the #COVID19 mainstream narrative.
covid,Coronavirus - Kenya: COVID-19 Update (24th July 2020)   @MOH_Kenya @susan_mochache @MoetiTshidi @WHOAFRO @DrTedrosü?? https://t.co/48HVIXqpYP
covid,#alreadyvideo #RihannaXTiwa #ObasekiFlagsOffToday #COVID19 #TachaDanceChallange #FraudbyQuodjoe #BBNaijia2020ü?? https://t.co/CCUsUOEMsd
covid,100%  feeling good ! Sounds like a soul song ! #COVID19 https://t.co/E5fp3sIBl5
covid,"EKITI COVID-19 UPDATE: As at 09:00 am on July 25, there are forty-two (42) active cases of #COVID19 in Ekiti State.ü?? https://t.co/qdXGA4fuMD"
covid,Are we still doing the travel credit ??? #COVID19 #Stimulus
covid,Thanks ü?@GovofCOü? for stressing personal responsibility with a #facecoveringmandate limiting the spread of #COVID19ü?? https://t.co/yBaJfUNY5W
covid,"Follow the advisory to fight #COVID19 at your workplace. Your safety is in your hands. Stay alert, stay safe.ü?? https://t.co/qOLYT7XQCD"
covid,The #Ukraine's President?òrenewed the invitation to Abdel Fattah al-Sisi to visit Ukraine after #COVID19 is over. Abü?? https://t.co/Qni2Z9WjFY
covid,"#GoodJobCop #SaturdayMotivation   DCP Hari Kiran @chennaipolice_ helped Radhe Amma (50), a sanitary worker, get a jü?? https://t.co/lHaZ5CxhsX"
covid,Sad Reality: Hundreds of Cars line up drive thru Food Drive in Florida https://t.co/3pQoULuznu    #COVID19
covid,@CPKolkata @KolkataPolice It would be a commendable step taken by the @KolkataPolice personnel in regard to fight aü?? https://t.co/WQnNLN7CBT
covid,This development is very worrying and will continue to be monitored very closely by the RKI.. A further exacerbatiü?? https://t.co/uDBCgnQIth
covid,"If this is not AWESOMENESS, I don't know what is????????????  #BBNaijia2020 #RihannaXTiwa #alreadyvideo #COVID19 https://t.co/gUjp3t8OLd"
covid,@BenJamesPhotos A new beginning 6yrs ago.  A wonderful new addition to our family. Marley has brought us all so mucü?? https://t.co/tlZIstA3xs
covid,Drive-through #COVID19 testing hours at the Kinsmen changing on Monday ???? https://t.co/St5xGZnlIS https://t.co/foVq2iBU2q
covid,"Even when we have a #COVID19 vaccine, are face coverings here to stay? It feels like a massive shift towards more aü?? https://t.co/K4K8BqVTZT"
covid,"@LiamMcBaen They say, One is the loneliest number, anyway.   #WearAMask #realmenwearmasks #toughguyswearmasksü?? https://t.co/sPEAaY1LXJ"
covid,"Dr. Ebrahim Janahi, CEO of Tamkeen confirmed that supporting sectors affected by the coronavirus pandemic have reacü?? https://t.co/l5DZe947SU"
covid,I hate #Covid19 coz it made me lose the love of my life. The pain is so unbearable yooh???????. I hope to heal one day???????ü?? https://t.co/9SIOLgvqeo
covid,183 coronavirus cases linked to Al-Taqwa College in Melbourne but the commentary is nearly non existent. Imagine thü?? https://t.co/up6DhfZxo2
covid,An expert explains: Why it's wrong to talk about a second wave of COVID-19 https://t.co/nFHAIhd9VL #covid19
covid,"@mick_inLa Yes, the hoody #TrayvonMartin the mask #COVID19. As far as followers, I don't have any real friends in lü?? https://t.co/97OH1psSZt"
covid,Absolutely !! Exceptional situations need extraordinary solutions. We cannot fight the same battle with usual measuü?? https://t.co/93FjlTofsK
covid,"Every time you demonize the left, Democrats, liberals and people who oppose you...you are REJECTING THE MAJORITYü?? https://t.co/JC89mIb2Jo"
covid,"Help slow the spread of #COVID19 and identify at risk cases sooner by self-reporting your symptoms daily, even if yü?? https://t.co/u68CCkBZ1p"
covid,#COVID19 #testing programme on #Cyprus customer service employees ongoing.  Source: https://t.co/zqOR1zCbmx
covid,"My Late Baby Sister left behind three sons. The eldest, on the far right was just diagnosed with #COVID19. Heü??s inü?? https://t.co/3bnCpoWCMI"
covid,#COVIDUpdates: #COVID19 cases in the last 24 hours as on 25/07/2020 till 10 AM  #APFightsCorona #COVID19Pandemic https://t.co/wEfGviENYT
covid,Remember that nonsense about Obamacare and ü??death camps?ü? At least with the GOP in charge of a pandemic you get toü?? https://t.co/KuPgnbaFGX
covid,"#bbcaq Oh yes, I am sure we will be perfectly happy with self-certification re #distress with #wearingamask #wearamask #viralload #COVID19"
covid,Students are stressed due to this pandemic and are not mentally prepare to give exams.Moreover they are also goingü?? https://t.co/8pSPqPpJ6A
covid,Bored on Saturday morning? Tired of reading Covid-19 drama? Take a break and watch Ginger in her new shoes:ü?? https://t.co/2BQ8rRaAV2
covid,Who needs a Green List when weü??ve got this on our doorstep????£ü?ü??????? #Kerry #Staycation2020 #Cloghane #COVID19ü?? https://t.co/ht36eNK9Hq
covid,@wodarg called for an inquiry into the influence of #BigPharma on #WHO during the H1N1 pandemic. Should we call forü?? https://t.co/bxDx7KiATe
covid,"Our director will be speaking shortly on the Peoples Assembly event on the future of industry, jobs and rights at wü?? https://t.co/oZZbq6rgup"
covid,A review of the recent study (now retracted) which connected #5G with #COVID19   https://t.co/4eEdoiiz1W
covid,"Hello Twitter! Delighted to share with you the great innovators, creators and thought leaders. Visit our website anü?? https://t.co/oqPqyYGzNl"
covid,"Go Headlines: #TopNews Of The Hour #Rajasthan political crisis: Will stage sit-in outside PM House if needed, saysü?? https://t.co/agmm4wCoi7"
covid,"Another #ExGop-er  Amazing that it took the #pandemic for her to regret her choice; but hey, better late than neverü?? https://t.co/glFm9zcecO"
covid,It took two weeks with a limited population for one of my members to test positive for #COVID19 and we've followedü?? https://t.co/ob75JlMLYD
covid,Dear @realDonaldTrump before the Covid vaccine goes to market PLEASE repeal the 1986 Act that removed liability froü?? https://t.co/TuTbMZv7Nv
covid,Other countries are #ReopeningSchools   Well guess what?  Other countries aren't a raging hotbed of #COVID19 rightü?? https://t.co/qtCIwC7TtD
covid,Itü??s been rough with all the clubs shut ü¶??? in #newyork since #COVID19 hit. We wanted to find suggestions for Onlineü?? https://t.co/srpXKmW82M
covid,Wow! Very surprised! I am very impressed with Mia. She understands the rule (for waiting her brother Fraser to p--ü?? https://t.co/MJ9DWoekak
covid,"#france will require on-the-spot #Covid19 tests for travellers coming from 16 countries: United States, Brazil, Algü?? https://t.co/nAUGfDlxUs"
covid,The devil's laughing at us. #Catholic #Christian #truth  #COVID19 #coronavirus https://t.co/9n4SbZKIA4
covid,@BitcoinBehemoth Nope???? #COVID19 #coronavirus #cantstopthetruth https://t.co/kJKYBfW5vm
covid,"This WILL be the new way of life-until Nov. 4, the day after the election. Then, the lockdown charade becomes meaniü?? https://t.co/cBWTMTdLNu"
covid,"Doing the part to help fight the most important threats, addressing the issues of sanitization in this Pandemic. Aü?? https://t.co/XiPXxf6Hw1"
covid,@DineshS50064379 @KDMCOfficial @CMOMaharashtra @AUThackeray @NiteshNRane @RSSorg @narendramodi @omnavalihalkarü?? https://t.co/RkFYkh1LAZ
covid,@ckkirsch1 Comments on @andrewcuomo's mishandling of senior #COVID19 patients aren't politically motivated. They arü?? https://t.co/7dorCM29I2
covid,"Let the people praise thee, O God; let all the people praise thee.  Then shall the earth yield her increase; and Goü?? https://t.co/YWTZW6cXgX"
covid,"Since I canü??t go to the coffee shop #COVID19 I had to (re)imagine my outdoor space. Up early this morning reading,ü?? https://t.co/YkSjLWY9W1"
covid,- today #Croatia has 77 new cases #COVID19 and 5 new death... - active cases 881...  - @BNODesk https://t.co/3rojpewPLP
covid,The first textile and reusable mask with a proven ability to inactivate the new coronavirus which is responsible foü?? https://t.co/Zsm5mNVnCx
covid,"@BhadeliaMD It's OK but a little disturbing the US has to get #COVID19 data from S Korea, like the youth study. I mü?? https://t.co/Ll4QfPhaXd"
covid,"Further mishandling of the pandemic response will lead to more excess deaths, and premature death is a losing gameü?? https://t.co/YmZPh7922m"
covid,How #COVID19 is luring Canadians into the #stockmarket - https://t.co/ePmB76xX4x https://t.co/Wez6uClodr
covid,"Hush Puppy was charged for online fraudster, what do we call these bunch thieves of visible Nigeria politicians  Waü?? https://t.co/q4GsEuJLuW"
covid,"#AndhraPradesh reports 7,813 new #COVID19 cases on Saturday as the tally goes up to 88,671. The death toll increaseü?? https://t.co/RcGEsYsMUH"
covid,@BernieSanders This guy gets it.  #WearAMask #realmenwearmasks #toughguyswearmasks #MasksSaveLivesü?? https://t.co/z60VFP3SKD
covid,@JoshMatlow The #ontario government has done as close to nothing as was possible for people during this pandemic .ü?? https://t.co/r1GGeCShlf
covid,"@denisear2017 @TomCottonAR Trump, #GOP &amp; @BetsyDeVosED are unfit for office. The plan? Return to school, church, woü?? https://t.co/Rwz5b7tcJD"
covid,Coronavirus - Kenya: COVID-19 Update (24th July 2020) @MOH_Kenya @susan_mochache @MoetiTshidi @WHOAFRO @DrTedrosü?? https://t.co/T6YmZnpR31
covid,Rajasthan Government today started a Plasma Bank at Sawai Man Singh Hospital in Jaipur for treatment of COVID-19 paü?? https://t.co/ZtXDtwFDhC
covid,"Help slow the spread of #COVID19 and identify at risk cases sooner by self-reporting your symptoms daily, even if yü?? https://t.co/F4Mr6JILyx"
covid,July 25...ü?Jimmy Deanü?...15ishx15ish on panel. #quarantineportraits #quarantine #dailyportrait #COVID19 #fineartü?? https://t.co/akhpEcRht8
covid,Great reminder by @francescaSNH from @nature_scot how important nature is for all of us ü?? both physically through eü?? https://t.co/grWZdT2FqY
covid,In the #US studies show public TRANSPORT to be one of the most dangerous places for transmission of #Covid19. It isü?? https://t.co/jVaiKUvWDt
covid,"1,005 new cases and 18 new deaths in the United States   [13:16 GMT] #coronavirus #CoronaVirusUpdate #COVID19 #CoronavirusPandemic"
covid,"The best teachers don't ignore the chaos of the world outside their classroom, writes @chrisemdin. Instead, they usü?? https://t.co/ULiSvljMTN"
covid,Latest updates on covid19  in Qatar  #COVID19 https://t.co/IL0ukOXGti
covid,I hope everyone is watching how news or how they report death. Not everyone is dying from #COVID19. They need reevaü?? https://t.co/IvCsgzsUTB
covid,"For all who can do this, enjoy! #Covid19 #telecommuting #remoteteaching #remotelearning #Barbados #BeachOfficeü?? https://t.co/Gsvg9tMlFT"
covid,County Health Department (@AAHealth)  Closes Dutch Farmers Market in #Annapolis Due to #COVID19 Related Violationsü?? https://t.co/8rocu9K15C
covid,Five new #COVID19 cases in Sorsogon include two teenagers  https://t.co/meYVYsR1zm #BicolNews https://t.co/adzr6ZZ6zg
covid,#COVID19 and #ClimateChange intersect in so many ways.  Right now #HurricaneHanna is expected to bring severe floodü?? https://t.co/C9Iyi4ELAm
covid,#COVID19 in the Netherlands (25-07)  cases: 52.732 (+137) fatalities: 6.140 (+1) hospitalisations: 11.906 (+2)  (diü?? https://t.co/0zbwrQM8l9
covid,"A surfer walks at Recreio dos Bandeirantes beach, amid the coronavirus disease (COVID-19) outbreak, in Rio de Janeiü?? https://t.co/mtaP5lj6SZ"
covid,#COVID19 recovery at home requires space to prevent infection in others living under the same roof.  More than 1 iü?? https://t.co/B8Avf0y8id
covid,Out-of-Job Actor Kartika Sahoo Sells Vegetables in Odisha to Survive COVID-19 Lockdown https://t.co/XlhgFoljGEü?? https://t.co/RizQRONszh
covid,#SouthCarolina #healthcare leaders say 'hospitals are filling up' as #COVID19 cases continue to climb #coronavirusü?? https://t.co/SnWsSruTbv
covid,@3days3nights ü?™??BREAKINGü?™?? Share everywhere!  The WHO admit that an A-Symptomatic person (those that do not have syü?? https://t.co/wpIVWpo1CT
covid,#AndrewMlangeni Memorial: @MYANC urges mourners to adhere to #COVID19 regulations -@motso_modiseü?? https://t.co/IVd5evzeQf
covid,Fiji has no active cases of the novel coronavirus disease/COVID-19. #COVID19
covid,"Just in: 1,142 new #COVID19 cases were reported in #Delhi in the past 24 hours, taking the total number of cases toü?? https://t.co/sFA3WWzZzi"
covid,"Barcelona legend Xavi Hernandez has tested positive for #COVID19, the now head coach of Qatar's Al Sadd said on socü?? https://t.co/3Hq6MlO5YN"
covid,"#RiseAndGrind, Help others cope with #Covid19. #IFollowBack."
covid,@RahulGandhi your government in Rajasthan is very poor pro! Look what kind of slum they are sitting in and in whatü?? https://t.co/pNR0vr6XDT
covid,"Active #COVID19 cases in #Assam, #India, have increased by 62 in last 24 hours or 2.6 per hour. Data from: MoHFW, #GOI."
covid,@ray_ban Every other business is dealing with #covid19 too and this is by far my worst experience. Not in keeping wü?? https://t.co/tWDIu981hL
covid,University of Kentucky has been working with Somerset Community College to create new advancements in mask filtratiü?? https://t.co/ghkQbPbqrY
covid,How do you safely restart non-emergent #EssentialSurgery during the #COVID19 pandemic? Join me from 9-10:30am EDT oü?? https://t.co/8bhAeGIuWn
covid,"???? Express Entry draw figures for the July 23 draw are below  IMMIGRATION EXPERTS ???§ 9999467686, 8448587890 ü???? 0120-6ü?? https://t.co/i22dIDZARE"
covid,"If you got your brain tickled for a #COVID19 test and were told to check @QuestDXü??s website for your results, how lü?? https://t.co/JwJ2JxGdT9"
covid,#COVID19 Lucknow CMO Dr Narendra Agarwal has been replaced with Dr Rajendra Kr Singh with immediate effect. Lucknowü?? https://t.co/AfqiDbtTHd
covid,"Ladies, date ur mate, u'll nor hear, one babe has been on her knees for 1hr now cause she called her boyfriend ode.ü?? https://t.co/83af53Xdsl"
covid,Is love this wicked ???£ü?ü???????£ü?ü???????£ü?ü???????£ü?ü???? #RihannaXTiwa #alreadyvideo #ObasekiFlagsOffToday #odikwabyblaqdee #COVID19ü?? https://t.co/BvAJ2JWKxL
covid,@arrington Dr. FAUCI.. HOSPITAL #COVID19  #FRONTLINE WORKERS KEPT WORKING DAILY AND NOT #QUARANTINED WHILE EVERYONEü?? https://t.co/2tVkALdFVd
covid,"Here's 10 startups for businesses , how can they use their technologies and expertise to fight #pandemicü?? https://t.co/ZerbuoSdKX"
covid,You're allowed to start small. ???  #COVID19 #FlattenTheCurve
covid,Not Wearing Sunscreen For a whole year to see what kills me first #COVID19 https://t.co/xhVwtpBqTy
covid,"Since #Andaman tourism isnü??t opening &amp; thereü??s no income, I asked police to tell a crime that I could commit &amp; be jü?? https://t.co/nmAKb4i6dw"
covid,Open Access GP Essay - COVID-19 Mobile Phone Apps Fail the Most Vulnerable #COVID19 #Tracing #Pandemic #Techü?? https://t.co/sC7eFUOg89
covid,If only Trump cared as much about protecting adults and school children during the pandemic as he does about protecü?? https://t.co/uvxrglsE4z
covid,"@ggo0megaFAN @NikolovScience No, it is still a thing. It is distinct from #Covid_19 #COVID19"
covid,More than 60 countries have reported disruptions to children's immunizations during #COVID19. Decades of progress -ü?? https://t.co/vRjT2KhVnr
covid,"Connecticutü??s total prison &amp; jail population has dropped to another 30-year low: 9,682 - down 2,727 since March 1stü?? https://t.co/dGtWRh9D9X"
covid,"Running out of Balance?  Get your SMART number recharge online  #StayHome, we care about you! #Smart #covid19 https://t.co/H7pM77nY6O"
covid,The online retail sector is busier than ever since the outbreak of #covid19. Here are 10 easy steps for improving yü?? https://t.co/XJZTYZRG0F
covid,You really dont wanna miss this  #BBNaijia2020  #alreadyvideo  #RihannaXTiwa  #ObasekiFlagsOffToday  #COVID19ü?? https://t.co/H30PqT5hl3
covid,The speed of the spread of #coronavirus is unprecedented and is due to the subtle black energy of the?ònegative enerü?? https://t.co/FsD76FdZWs
covid,Are retail stores really limiting their hours for deep cleaning or to limit wages? #COVID19
covid,The relief that temporarily allowed students to stop making their payment is set to expire on September 30th. Thisü?? https://t.co/CV1NGghdnF
covid,"RSS Meet Discusses Bhoomi Pujan of Ram Temple, India-China Stand-Off and Other Issues Amid COVID-19 Crisis: Sourcesü?? https://t.co/DOeupKhsdZ"
covid,"#AndhraPradesh #COVID19 @ArogyaAndhra Andhra Pradesh  25/07/2020   New positive cases 7,813 New discharges 3,320 Neü?? https://t.co/LN6gBe1Kfj"
covid,"In this #safety-first world, brands that offer customer experiences ensuring well-being and convenience set themselü?? https://t.co/v1YVwj0NZr"
covid,This weekend's #Leadership reading https://t.co/ouV0E5Om5S  #Workplace #COVID19 #future https://t.co/gHLR2zq1Bw
covid,#UAE has started inviting #volunteers for the world's first Phase III #COVID19 #vaccine clinical trials. Here's howü?? https://t.co/dJcruoRDOf
covid,"I miss them. But this is my duty.  This is the story of Noman Saghir, a doting father, a lab technician and one oü?? https://t.co/5jl7vSdPLQ"
covid,"@standardnews I see @BorisJohnson and the @Conservatives world beating Test, Track &amp; Trace system for #COVID19, whiü?? https://t.co/ZWj1IRmTvw"
covid,Surely you have carried out the correct risk assessments to allow the children to play football again? Also why areü?? https://t.co/Jmv9sOxdOY
covid,"#COVID19 business decision. He is using his medical career to make the decision, not the @NFL $$$$. https://t.co/VZnt3TpQ9S"
covid,How #COVID19 Causes Smell Loss - Neuroscience News https://t.co/OG0gIhyctD
covid,@realDonaldTrump Let the #COVID19 flow
covid,Amazing how @nedbanksport is using the @OfficialPSL partnership during this #COVID19 period to provide knowledge anü?? https://t.co/fJp2P6M6S9
covid,Voting for Trump. He isnü??t backtracking on his views of #COVID19 because he cares about you. Heü??s doing it to get mü?? https://t.co/NSegDA8Z3W
covid,"Revovered corona B+ve plasma donor who is interested to donate plasma, DM urgently required #kashmir #srinagar #COVID19"
covid,"Due to overflow of Hospital capacity with #COVID19 patients in Starr County/ Texas, a committee will deem which patü?? https://t.co/7jizObIQnJ"
covid,Mamaü??s of Corona third generation owner Irene DeBenedittis is encouraging her workers to treat their customers ü??likü?? https://t.co/SzusE9ar1E
covid,"'Many US institutions of HE are forging ahead with on-campus, in-person classes + activities for fall terms, makingü?? https://t.co/7an9s88MUt"
covid,#KAGA #MAGA PLEASE!   #Covid19 kills. ????Don't fall for the lie a vaccine would be on the way???? ü???? Ask what happens meü?? https://t.co/YhyOMHXqVz
covid,Does anyone know if the Dutch government will still legally mandate parents to send their children to school this cü?? https://t.co/HRr3aGEanD
covid,"#COVID19 in #AndhraPradesh:  -7,813 new cases -52 more deaths -53,681 more samples tested -3,208 more discharged -Eü?? https://t.co/PYEfG2WKcN"
covid,"Help slow the spread of #COVID19 and identify at risk cases sooner by self-reporting your symptoms daily, even if yü?? https://t.co/XpfOQ7WCQ4"
covid,"https://t.co/Si1oSX9not   Compared with the rest of the California labor force, Asian Americans with a high schoolü?? https://t.co/o9YmtOVzB6"
covid,"2021 Australian Open: Smaller crowds, player bio-security  #AusOpen #AustralianOpen2021 #Coronavirus #COVID19  https://t.co/pzOJvjd2DQ"
covid,Being #obese or excessively overweight increases the risk of severe illness and death from the novel #coronavirus.ü?? https://t.co/cqOVYyWZb2
covid,#AnimsXavi Much strength to you idolo. #COVID19 https://t.co/OkzMOevfPp
covid,"Guys, so where the party at? COVID, COVID, or COVID ? #isthisserious #Gambia #COVID19 @salieutaal @farageloubnaü?? https://t.co/nGYNINlWyi"
covid,How is this okay but I canü??t visit my granny in a nursing home? Not even an out doors visit... #COVID19 https://t.co/y3kbnOTQdM
covid,"Inline with UK's goals towards promoting quality mentorship opportunities for young persons in ???????¶, @OnaboluYvonne wü?? https://t.co/sSuj8UWWXA"
covid,"Our face covering policy was created under the guidance of our on-staff corporate medical team, public health officü?? https://t.co/8dArlgrvyQ"
covid,"Can You Get #Covid19 Again? Itü??s Very Unlikely, Experts Say https://t.co/AWlwCgU5EI And if so, what's the problem,ü?? https://t.co/BX9aP4M6Gh"
covid,Summer 2020 Garden party Covid time #Summer2020 #COVID19 #Weather #gardenparty https://t.co/yu1E5Fb0ku
covid,@stayingupszn When did I ask? #COVID19 #katiehopkins #LUFC
covid,@Bill_Maxwell_ Yes. And to vote out any member of the @GOP Six months later and they did nothing about #COVID19 #VoteBlueToEndThisNightmare
covid,Wear a Mask!  Stay safe and keep others safe!  #covid19 #besafe  #peraktbg #abstraxmax  #puma #pumaoneü?? https://t.co/hVkiYAQp1l
covid,. @PawanKalyan about resuming movie shootings in his latest interview. #Covid19 #Janasena #Powerstar #VakeelSaab https://t.co/XzOA6UJWZp
covid,@realDonaldTrump #trumpdeathtoll147K 4.2 Million cases of #COVID19 Millions unemployed! #TrumpVirusCatastropheü?? https://t.co/a7a0J9w5de
covid,"Help slow the spread of #COVID19 and identify at risk cases sooner by self-reporting your symptoms daily, even if yü?? https://t.co/i3gCMhxaFT"
covid,"I know no one could have foreseen #COVID19 , but the #UK would have been in a far better position if it were not loü?? https://t.co/ep0MMX7XMH"
covid,Yesterday #leftyTossers attacking #Boris for pointing out that obesity has a very negative effect on victims who arü?? https://t.co/Pu1aiTKD9B
covid,Wit d econs meltdown  bcos of #COVID19 . Wit d battered state of d purchasing power of d citizens. Wt d rising poveü?? https://t.co/PI4q8PI0uY
covid,"Yestwrday, a friendü??s brother died in Zimbabwe ???????™, they called an ambulance at 2pm, it came at 8pm! #COVID19"
covid,"#AhmedabadRain  Finally, It looks like rainy season has started now ???, May it doesnü??t brings hike in #covid19 infecü?? https://t.co/AceCeHERRk"
covid,"Children are affected, infected and dying in Florida from Covid19. #ReopenSafely #ReopeningSchools #health #covid19ü?? https://t.co/3XZPMne57z"
covid,History will not only account for the dead but also the wicked @GovRonDeSantis #COVID19 https://t.co/90MsXwkUss
covid,"Ants may be pesky creatures, but it turns out we could learn a thing or two from them. @SophNaama writes about whatü?? https://t.co/FzUG1KFhJL"
covid,"This government was too slow to act, and even they now admit that. They followed and did not lead! It's very hard fü?? https://t.co/0ZlVcPpKkb"
covid,My observations after day 1 of mandatory face masks...I'm seeing a lot of chin masks and people walking around wiü?? https://t.co/jWdczSjAND
covid,Delhi #COVID19 Update Jul 25  New Cases 1142 Total 129531 July 43452 (33.54% of total)  Deaths 29 Total 3806  Dischü?? https://t.co/62jsJh8TWH
covid,Congratulations to Jeff Bezos  The UK government has managed to make  shopping on the high street even less appealiü?? https://t.co/yGfUeXqVDH
covid,"Catalonia Spain reports 1,493 new #coronavirus cases #COVID19 ????????"
covid,If you donü??t have a mask.......just ask! We will provide one AND ask for a contribution to the West Midlands Air Amü?? https://t.co/rOTjxSvbT0
covid,ALERT: Pregnant women at risk of death in Kenya's COVID-19 curfew - Global Pandemic News | #Coronavirus #COVID19ü?? https://t.co/MIklFXCtvj
covid,#COVID19 #COVID??™19 #coronavirus #BlackLivesMatter #satchat #ptech #weareptech https://t.co/2tCw7OEqpV An open dialoü?? https://t.co/CdQNTeh7D1
covid,Check us out on Spotify as well  ??????????????????????????????????? https://t.co/v2XKBfaTfj  #GospelHouse ???????????????? #GodGotThis ü??????????????ü?? https://t.co/oeIUQVc6gR
covid,could double as a #COVID19 vaccine delivery mechanism @BorisJohnson  @MattHancock @pritipatel https://t.co/hM83eKV2LF
covid,"Help slow the spread of #COVID19 and identify at risk cases sooner by self-reporting your symptoms daily, even if yü?? https://t.co/KSyVttdgqo"
covid,@OpIndia_com #how #heir @joker @laluprasadrjd @yadavtejashwi #have #little #knowledge @mygovindia @who #thinksü?? https://t.co/9GyojXmCS7
covid,Sign the Alert to Stop Deadly Mass Killing of #Animals in #University Labs Due to #COVID19 https://t.co/tzaxAeeS14
covid,"@jennfranconews @realDonaldTrump Each of you should look not only to your own interests, but also to the interestsü?? https://t.co/g3bYHLyXd4"
covid,The latest Islam and Islamism! https://t.co/1Gx3WUOc9r #berkleyforum #covid19
covid,#Hope #USA #Trump vilifying #USPS &amp; #Amazon while (Republicans own premium stock) catering to them by #Postmaster wü?? https://t.co/wznVS6kWKo
covid,"#AndhraPradesh reports 7,813 new #COVID19 cases on Saturday as the tally goes up to 88,671. The death toll increaseü?? https://t.co/Pk3YJjwX19"
covid,#Coronavirus in #Andorra: There is a total of 52 confirmed deaths from #COVID19.
covid,@fordnation Please don't go in like a bunch of storm troopers ! The migrant workers are afraid of being deported soü?? https://t.co/w0D37rCtza
covid,Wear a face cover or pay ??100 fine. New laws imposed in London #covid19 #London ''. Lol. I Chose to cover it up. https://t.co/AO2qMQ1Vln
covid,"#COVIDUpdates: AP records as many as 7,813 new cases in the last 24 hours taking the tally to 88,671. 52 deaths werü?? https://t.co/doN2jrcaTe"
covid,"Remember when #Drumpf said #TexasIsHeeling?? Well, they're getting screwed several times over today!! Not to mentioü?? https://t.co/B5PLXiC3Gh"
covid,"Ringway, Preston (14th May 2020 and 24th July 2020) I will be releasing another video this weekend from the past coü?? https://t.co/X98cNByTW3"
covid,The statistics in the #pic gives info that #Assam is performing better than #Odisha in their fight against #COVID19ü?? https://t.co/rdrtsDfWyF
covid,"'Not what we should be doing': Few masks, no social distancing at crowded Falls attractions | CBC News https://t.co/TFwjEhdLHI #COVID19"
covid,"If you think Iü??m buying any of these rumours of us being locked down or restricted for up to 2 years, forget it. Itü?? https://t.co/aEQZaqs79U"
covid,@realDonaldTrump Remember the #WorstPresidentInHistory #trumpdeathtoll147K 4.2 Million cases of #COVID19 Millions Uü?? https://t.co/tv0DXaS2nJ
covid,"With increased testing of samples for Covid-19, the fatality rate has significantly dropped to 2.35% on Saturday anü?? https://t.co/48x8cQ6sxA"
covid,CDC changes COVID-19 guidance on how long people need to be isolated https://t.co/LqEQKBBQAN via @nbcnews #COVID19 #theyhavenoidea
covid,???? A plea to #mask wearers to read this as THIS is why many #NoMasks donü??t want to blindly follow ü??govtü? edicts onü?? https://t.co/uQWjZyPQ7j
covid,#MP CM #ShivrajSinghChouhan tested positive for #COVID19 . There's been news that bcoz of him many ministers as welü?? https://t.co/c1ia1QsqXQ
covid,(6) We never rise beyond the level of our knowledge. This is why you must keep acquiring new and helpful informatioü?? https://t.co/Z4EDRcuMTU
covid,Two students tested positive for coronavirus after taking the ACT at an Oklahoma high schoolü?? https://t.co/DRNa3Uq3th
covid,Sending the science deniers home to their fellow MAGATs.  #BlueWave2020 #COVID19 https://t.co/BKMbdjClDk
covid,"Home-made cloth face masks likely need a minimum of two layers, and preferably three, to prevent the dispersal of vü?? https://t.co/PssY9MisDQ"
covid,@Die_Diktatur @FatEmperor @WHO 2009 was just the rehearsal for #COVID19
covid,"#AndhraPradesh   Andhra Pradesh registered single-day spike of 7,813 #COVID19 positive cases &amp; 52 deaths in last 24ü?? https://t.co/2xK87RJYnF"
covid,How well are you dealing with the COVID-19 outbreak? This survey developed by psychologists from around the world pü?? https://t.co/N3l6dIa4O9
covid,The thing about being #LightSkinned is that every bruise on your body can be seen from Mars ???plus the fact that youü?? https://t.co/MwqNMipANn
covid,Actor @VishalKOfficial and his father Mr.G.K.Reddy tested positive for #Covid19 15/20 days back..  While #Vishal 'sü?? https://t.co/yXdPgtkW92
football,For me its #FRA vs #CRO or #BRA vs #CRO Final .. #ESPRUS #CRODEN #WorldCup https://t.co/ro6C0tOoDz
football,Another one on penalties #CRO #DEN #CRODEN #WorldCup
football,RT @ktaha60: A minute of silence for people whoü??re not into football  #CRODEN #WorldCup https://t.co/0MnbaXK8kq
football,RT @Konemoheavy: 5 saved penalties. What a shout out this has been. Croatia deserved the win though. They'll surely give anyone a run for tü??
football,Is it just me or has Davor Suker started to look a bit like Joe Pasquale? #Worldcup
football,RT @Football__Tweet: What a performance from these two. Absolute monsters. ?#WorldCup #CRO #DEN https://t.co/Aji2TlzrY5
football,RT @iamBussmarn: Airport CupPortugal ?? VS ?? ArgentinaGermany ?? VS ?? Spain#WorldCup https://t.co/12d2UHWc2a
football,Slaven Bilic didnü??t look happy with those off camera clips #Croatia #CRODEN #WorldCup
football,RT @FOXSports: Uruguay. France. Russia. Croatia.4 are through to the Quarterfinals of the FIFA #WorldCup. 4 spots remain. https://t.co/TSü??
football,Awesome to see @DejanLovren_ and #croatia through. One helluva  game!#CRO #CRODEN #WorldCup #MMfutis
football,RT @erionveliaj: We wouldnü??t be having this amazing #WorldCup games without migrants #JustSayin ??????????????????#SayNoToRacism https://tü??
football,RT @FIFAWorldCup: Kasper Schmeichel takes the final @Budweiser #ManoftheMatch award of the day ?#CRODEN #WorldCup https://t.co/2XfblBT7ki
football,RT @FIFAWorldCup: Kasper Schmeichel takes the final @Budweiser #ManoftheMatch award of the day ?#CRODEN #WorldCup https://t.co/2XfblBT7ki
football,The VW #WorldCup ads are the worst. My sympathies to any Swiss-Americans especially. https://t.co/0TPJQXHmP6
football,"All my faves are gone, what is even happening? Uhm... go Sweden, I guess? ? #WorldCup"
football,"RT @FCBarcelona: ?? @ivanrakitic scores the winning penalty to send @HNS_CFF into the #WorldCup quarter-finals, where they'll face Russia!ü??"
football,@TokyoLaundry68 ? #COMPETITIONTIME ?#TokyoLaundry68#WorldCup #PoloShirt#Competition#Win? @roshnip77 @ath007 @noblejaneamanda @waterlilydina1 @janwhiteley1 @candcthai @lyndseybruce @val_page @LawaLaura ?Liked and Retweeted
football,RT @FIFAWorldCup: Kasper Schmeichel takes the final @Budweiser #ManoftheMatch award of the day ?#CRODEN #WorldCup https://t.co/2XfblBT7ki
football,"RT @HNS_CFF: ?????? Congratulations to #Croatia, who survives a late penalty drama to reach the @FIFAWorldCup quarterfinals stage!#CRO #Bü??"
football,Awesome #WorldCup games today. Love the emotion durning PK's ??
football,"Iceland, 2014 #Eurovision #CRODEN #WorldCup https://t.co/q38d9GOEqD"
football,RT @TheCristianoFan: So so happy for Modri?. He wouldnü??t be able to live with himself if Denmark had won on penalties after missing that onü??
football,RT @Squawka: Only two goalkeepers have saved three penalties in a #WorldCup penalty shoot-out: 1/7/2006: #POR's Ricardo vs. #ENG 1/7/20ü??
football,RT @Pschmeichel1: Is this a coincidence??? ????? #WorldCup https://t.co/xCzmzFAHPW
football,RT @SpursOfficial: ?? Heartbreak for @ChrisEriksen8 as Denmark exit the #WorldCup after a penalty shootout defeat to Croatia. https://t.co/ü??
football,"RT @itvfootball: Pass, pass, pass but Spain have been pegged back by a moment of Pique madness@SeFutbol 1??-1?? @TeamRussia #ESP #RUS #ü??"
football,#CRO emerge from down under to #LightUpTheWorldCup. #CRODEN #WorldCup https://t.co/etBGu8XUs7
football,"RT @kennymunro: Not now, Nacho. #SPARUS #ESPRUS #WorldCup #worldcup2018 #Worldcup2018Russia https://t.co/GQ6OpDyakG"
football,"Rarely does a player get a chance for penalty-kick-redemption in such short order. Luka Modri? had that rarity, when he stepped up as the third player for #CRO in the shootout, and he made amends. Ivan Rakiti? sealed the win and a place in the #WorldCup quarters. Bonkers day. https://t.co/34zGHFFfeo"
football,RT @Sporf: ??????? @England's route to #WorldCup Final:Round of 16:?? ColombiaQuarter-Finals??Switzerland or ??Sweden Semi-Finals:ü??
football,RT @COPA90US: How it feels getting back to the real world after 240 minutes + PKs of #WorldCup action... https://t.co/KJpzhjX6Ne
football,"RT @FCBarcelona: ?? @ivanrakitic scores the winning penalty to send @HNS_CFF into the #WorldCup quarter-finals, where they'll face Russia!ü??"
football,@kschmeichel1  is a legend.... I'm proud of you. #LikeFatherLikeSon#CRODEN #KFSWorldCup #WorldCup#3Sports
football,What an incredible day in The #WorldCup! Wow. Canü??t wait for Tuesday night now! #ThreeLions @England ???????????
football,Big up?@HNS_CFF#CRO #WorldCup https://t.co/ILa6R4mz5d
football,RT @bhattaraias: France = 12 players (including referee); Argentina 10 players (excluding Armani). You do the math!!! #FRAARG #WorldCup
football,RT @FIFAWorldCup: Kasper Schmeichel takes the final @Budweiser #ManoftheMatch award of the day ?#CRODEN #WorldCup https://t.co/2XfblBT7ki
football,RT @Squawka: #CRO have reached the #WorldCup quarter-finals for the first time since 1998.They went on to reach the semi-finals in that tü??
football,RT @JohnOdedeji: Issa VAR street video #WorldCup Africans Play too much ???? https://t.co/3tOcEYWeVs
football,"RT @FCBarcelona: ?? @ivanrakitic scores the winning penalty to send @HNS_CFF into the #WorldCup quarter-finals, where they'll face Russia!ü??"
football,RT @comradesipho: this sunday wasnü??t meant to be this tense wow #worldcup https://t.co/A5eXVv36qL
football,RT @FirstpostSports: Top class goalkeeping from Daniel #Subasic and Kasper #Schmeichel in the penalty shootout! Both keepers saved three spü??
football,RT @stipemiocic: BOOM! On to the next one! #CRO #WorldCup
football,RT @Kabugo_Shifu: INCREDIBLE... #den thought they had it... till #CRO snatched back  #CRODEN #DENCRO #WorldCup https://t.co/i18R2tROy9
football,"RT @OptaJoe: 1 - Croatia have qualified for their first World Cup quarter-final since 1998, when they went on to finish third in the tournaü??"
football,RT @FIFAWorldCup: Kasper Schmeichel takes the final @Budweiser #ManoftheMatch award of the day ?#CRODEN #WorldCup https://t.co/2XfblBT7ki
football,RT @aba303030: All the negativity surrounding this World Cup in Russia before the start and its turning out to be one of the best in historü??
football,RT @COPA90: The scenes in Zagreb as Rakitic sends #CRO to the quarter finals of the #WorldCup? [? @PavaoBlazer] https://t.co/y8ynMXWVKM
football,RT @Sporf: ??????? @England's route to #WorldCup Final:Round of 16:?? ColombiaQuarter-Finals??Switzerland or ??Sweden Semi-Finals:ü??
football,#COL#ENG#SWE#RUS#CRO#SUIOne of these nations will play in the #WorldCup final two weeks today. https://t.co/kRMmEq4zfr
football,RT @FIFAWorldCup: Kasper Schmeichel takes the final @Budweiser #ManoftheMatch award of the day ?#CRODEN #WorldCup https://t.co/2XfblBT7ki
football,RT @FCBarcelona: ? Free-kick challenge!? @ivanrakitic - ready for the #WorldCup last 16?? #Bar??aWorldCup https://t.co/4rXwWqjLjI
football,RT @Oku_yungx: This world cup made a lot of people rich. I knew it was definitely going to happen. Quite easy to predict !!! #Worldcup
football,"RT @wanna__laugh: Eric Cantona: Spain did not win the Worldcup (in 2010), Catalonia did.Hopefully people will understand it today!#Spaü??"
football,Spain was robbed. #WorldCup
football,RT @OptaJoe: 38 - Sergei Ignashevich is the oldest ever player to score an own goal in a World Cup match (38y 352d). Oops. #ESPRUS #RUS #Woü??
football,"RT @wanna__laugh: Eric Cantona: Spain did not win the Worldcup (in 2010), Catalonia did.Hopefully people will understand it today!#Spaü??"
football,RT @KnoxTainment: Some French Squad Players and their Heritage :Paul Pogba - GuineaSamuel Umtiti - CameroonN'Golo Kante - MaliBlaisü??
football,RT @Squawka: Only two goalkeepers have saved three penalties in a #WorldCup penalty shoot-out: 1/7/2006: #POR's Ricardo vs. #ENG 1/7/20ü??
football,RT @FIFAWorldCup: Kasper Schmeichel takes the final @Budweiser #ManoftheMatch award of the day ?#CRODEN #WorldCup https://t.co/2XfblBT7ki
football,RT @SuperSportTV: WATCH: Ivan Rakitic scored the winning penalty as Croatia beat Denmark 3-2 on penalties to advance to the FIFA #WorldCupü??
football,RT @worldcupstarss: My man of the match#WorldCup#CRODEN https://t.co/s5meT70GNR
football,RT @Pschmeichel1: Is this a coincidence??? ????? #WorldCup https://t.co/xCzmzFAHPW
football,RT @soccermattersGD: #RUS #CRO both advance on penalties. We're talking #WorldCup at @TheGorgeousGael. Call in 713-780-3776 https://t.co/vUü??
football,"RT @FCBarcelona: ?? @ivanrakitic scores the winning penalty to send @HNS_CFF into the #WorldCup quarter-finals, where they'll face Russia!ü??"
football,RT @SPNSportsIndia: What a performance by Kasper Schmeichel though! He probably played the game of his life today for #DEN and is desperateü??
football,"RT @LaureusSport: Kylian Mbapp?? will donate everything he earns with #FRA at the #WorldCup to charity. This will add up to ü?¶20,000 per gameü??"
football,"My three year old at the end of extra time in the #CRODAN match: ü??dudes, nobody wants to see penalties.ü?  ?#worldcup"
football,RT @Sporf: ??????? @England's route to #WorldCup Final:Round of 16:?? ColombiaQuarter-Finals??Switzerland or ??Sweden Semi-Finals:ü??
football,"Total chaos on Petrovka Street, right next to poilce HQ who have put down roadblocks on Petrovka and other central avenues to restrain inebriated drivers who want to celebrate #worldcup https://t.co/ttuBAORArh"
football,RT @SBNation: After two days of the #WorldCup Round of 16: OUT: ? Argentina? Portugal? Spain? DenmarkMoving on: ? France? Uruguayü??
football,RT @OptaJean: 3 - Danijel Subasic is only the 2nd goalkeeper to save 3 penalties in a shootout of a World Cup game after Ricardo ?? v Englaü??
football,RT @SundayLeagueMCR: Only two goalkeepers in history have saved three penalties in a #WorldCup penalty shootout...Ricardo for #POR againsü??
football,RT @Pschmeichel1: Is this a coincidence??? ????? #WorldCup https://t.co/xCzmzFAHPW
football,"RT @RobStoneONFOX: For just the 2nd time in #worldcup history, 2 games in 1 day go to penalties. June 21, 1986 the other, as #FRA &amp; W.Germaü??"
football,RT @FIFAWorldCup: Kasper Schmeichel takes the final @Budweiser #ManoftheMatch award of the day ?#CRODEN #WorldCup https://t.co/2XfblBT7ki
football,RT @FIFAWorldCup: Kasper Schmeichel takes the final @Budweiser #ManoftheMatch award of the day ?#CRODEN #WorldCup https://t.co/2XfblBT7ki
football,"RT @OptaJoe: 1 - Croatia have qualified for their first World Cup quarter-final since 1998, when they went on to finish third in the tournaü??"
football,RT @aVeLoN10: Day of the Goalkeepers #WorldCup #ESPRUS #CRODEN Apart from De Gea off course. ? 8 penalties saved. https://t.co/DB9hSMYlqY
football,"RT @WWECesaro: Insanity... 2 penalty shoot-outs, 6 held penalties in one game?! I wonder what tomorrow has in store #worldcup"
football,RT @Football__Tweet: What a performance from these two. Absolute monsters. ?#WorldCup #CRO #DEN https://t.co/Aji2TlzrY5
football,RT @FIFAWorldCup: Kasper Schmeichel takes the final @Budweiser #ManoftheMatch award of the day ?#CRODEN #WorldCup https://t.co/2XfblBT7ki
football,"So, how much can a missing dimension hide? One of these penalties went in, the other elicited a spectacular save that sent a team into the #WorldCup quarters. https://t.co/EnE72Yf0EP"
football,RT @FIFAWorldCup: Kasper Schmeichel takes the final @Budweiser #ManoftheMatch award of the day ?#CRODEN #WorldCup https://t.co/2XfblBT7ki
football,RT @Football__Tweet: Football is cruel. #WorldCup #DEN https://t.co/rYBBsrm0JE
football,One of these teams will be in the #WorldCup final.  Russia ??  Croatia ??  Sweden ??  Switzerland ??  Colombia ??  England ???????
football,RT @Matt5cott: This World Cup. Even the penalty shootouts are better than anything you've seen before. #CRODEN #WorldCup
football,RT @FIFAWorldCup: Kasper Schmeichel takes the final @Budweiser #ManoftheMatch award of the day ?#CRODEN #WorldCup https://t.co/2XfblBT7ki
football,RT @TrollFootball: The #WorldCup of upsets https://t.co/lY4CU7fWYU
football,RT @SquawkaNews: Cristiano Ronaldo helps Edinson Cavani off the pitch. ?#WorldCup https://t.co/f6jlhgn3XG
football,"RT @kennymunro: Not now, Nacho. #SPARUS #ESPRUS #WorldCup #worldcup2018 #Worldcup2018Russia https://t.co/GQ6OpDyakG"
football,Penalty drama as Croatia beat Denmark in #WorldCuphttps://t.co/Z9Uegacva6 https://t.co/M9I2dHnApD
football,RT @UEFAcomPaoloM: #Croatia have often great teams but usually destroy everything with one poor game. What if their only poor game of the tü??
football,RT @Squawka: Only two goalkeepers have saved three penalties in a #WorldCup penalty shoot-out: 1/7/2006: #POR's Ricardo vs. #ENG 1/7/20ü??
football,RT @JuveBillz: The legendary @vieri_bobo ladies and gentlemen. #WorldCup https://t.co/ZQRNjRiKNs
football,RT @brfootball: A legend says goodbye to the #WorldCup ? https://t.co/9hR5qVfVPX
football,RT @FIFAWorldCup: Kasper Schmeichel takes the final @Budweiser #ManoftheMatch award of the day ?#CRODEN #WorldCup https://t.co/2XfblBT7ki
football,"RT @FCBarcelona: ?? @ivanrakitic scores the winning penalty to send @HNS_CFF into the #WorldCup quarter-finals, where they'll face Russia!ü??"
football,"Have to say Subasicü??s approach to the penalties was excellent. He stayed patient, picked his side, kept his ground to the last moment, and went with the power step each time. He didnü??t mess about one bit.W/o the power step he never makes the first save on Eriksen #CRO #WorldCup https://t.co/UUYy5RL7uv"
football,"RT @karan_tejwani26: Not going to lie, that was worth waiting 120 minutes for. Felt the emotion - mustü??ve been killing the actual natives oü??"
football,"Now that #WorldCup is over for today, time to catch up with the #FirstCitizensCup Group I game at the Hasely Crawford Stadium.Its HT @Jablotehtt 0-2 @StAnnsRangersFC Rangers scoring 2 ?? in quick succession before the end of the half.@TTProLeague"
football,RT @OptaJohan: 5 - Croatia - Denmark is the first penalty shoot-out with five penalties saved by the goalkeeper in #WorldCup history. Heroeü??
football,"RT @Bosslogic: So close, yet so far... #WorldCup #Cristiano #Ronaldo #Messi https://t.co/OMLo4C8hmd"
football,RT @FIFAWorldCup: Kasper Schmeichel takes the final @Budweiser #ManoftheMatch award of the day ?#CRODEN #WorldCup https://t.co/2XfblBT7ki
football,I really enjoyed watching #Schmeichel play! Best hair &amp; most handsome man I've seen on the field?? #WorldCup  #CRODEN
football,"RT @colinmcenroe: Denmark out. Sweden still in, with added advantage because Russia ordered the goals from IKEA. #WorldCup"
football,"RT @FCBarcelona: ?? @ivanrakitic scores the winning penalty to send @HNS_CFF into the #WorldCup quarter-finals, where they'll face Russia!ü??"
football,RT @Sporf: ?? Kasper Schmeichel vs Croatia:? Saves penalty in Extra Time? Saves 2 penalties in shootout.? Still knocked out of the #Wü??
football,RT @FIFAWorldCup: Kasper Schmeichel takes the final @Budweiser #ManoftheMatch award of the day ?#CRODEN #WorldCup https://t.co/2XfblBT7ki
football,"RT @FCBarcelona: ?? @ivanrakitic scores the winning penalty to send @HNS_CFF into the #WorldCup quarter-finals, where they'll face Russia!ü??"
football,RT @FIFAWorldCup: Kasper Schmeichel takes the final @Budweiser #ManoftheMatch award of the day ?#CRODEN #WorldCup https://t.co/2XfblBT7ki
football,RT @FOXSports: Uruguay. France. Russia. Croatia.4 are through to the Quarterfinals of the FIFA #WorldCup. 4 spots remain. https://t.co/TSü??
football,RT @barstoolsports: Game. Croatia. #WorldCup https://t.co/O8XGrvFfrP
football,"RT @OptaJoe: 1 - Croatia have qualified for their first World Cup quarter-final since 1998, when they went on to finish third in the tournaü??"
football,"RT @OptaJoe: 2 - Russia are the first team to score multiple own goals in a World Cup tournament since 1966, when Bulgaria conceded two. Saü??"
football,"RT @NCFCreport: What a performance from @kschmeichel1, 3 penalty saves in 1 game, very unfortunate not to progress the next round. #DENCROü??"
football,RT @haveigotnews: Russia secure most unexpected victory since 2016.#WorldCup https://t.co/V29ZBwYyz9
football,RT @FIFAWorldCup: Kasper Schmeichel takes the final @Budweiser #ManoftheMatch award of the day ?#CRODEN #WorldCup https://t.co/2XfblBT7ki
football,RT @BleacherReport: RUSSIA BEATS SPAIN ON PENALTIES! Spain are out of the #WorldCup! https://t.co/sOPZ9T5lpT
football,RT @BBCSport: Two of the four #WorldCup quarter finals have been decided...6th July:3pm: #FRA v #URU 7th July: 7pm: #RUS v #CROStilü??
football,"RT @TheCristianoFan: FIFA have VAR and 4 referees on the pitch, but GKs always come off their line before the penalty taker kicks the ballü??"
football,RT @Football__Tweet: What a performance from these two. Absolute monsters. ?#WorldCup #CRO #DEN https://t.co/Aji2TlzrY5
football,RT @Pschmeichel1: Is this a coincidence??? ????? #WorldCup https://t.co/xCzmzFAHPW
football,"RT @iamscholes: Kovacic dislocates his shoulder, pops it back in and plays on. Salah dislocates his shoulder, takes weeks off and doesn't aü??"
football,RT @spencer_sandlin: Letü??s go USA!!??#worldcup
football,RT @FIFAWorldCup: Kasper Schmeichel takes the final @Budweiser #ManoftheMatch award of the day ?#CRODEN #WorldCup https://t.co/2XfblBT7ki
football,RT @BBCMOTD: Only two goalkeepers in history have saved three penalties in a #WorldCup penalty shootout...Ricardo for #POR against #ENG iü??
football,RT @Sporf: ? One of these teams are GUARANTEED to be in the #WorldCup Final:?? Russia?? Croatia?? Denmark?? Sweden?? Switzerland ??ü??
football,RT @LFC: Dejan Lovren's Croatia side win 3-2 on penalties. ?#CRO 1-1 #DEN #WorldCup https://t.co/gDWNgSFEcb
football,This World Cup has been without a doubt the best football tournament in my lifetime. I'm actually so glad I'm unemployed right now. #WorldCup
football,RT @OptaJean: 3 - Danijel Subasic is only the 2nd goalkeeper to save 3 penalties in a shootout of a World Cup game after Ricardo ?? v Englaü??
football,RT @FIFAWorldCup: Kasper Schmeichel takes the final @Budweiser #ManoftheMatch award of the day ?#CRODEN #WorldCup https://t.co/2XfblBT7ki
football,Well that went down well with Billic #itvworldcup #worldcup
football,RT @LFC: Dejan Lovren's Croatia side win 3-2 on penalties. ?#CRO 1-1 #DEN #WorldCup https://t.co/gDWNgSFEcb
football,RT @SevillaFC_ENG: Keep your head up @simonkjaer1989 ?You did your club and your country proud at the #WorldCup ?? https://t.co/rA5uw1Fv80
football,RT @FIFAWorldCup: Kasper Schmeichel takes the final @Budweiser #ManoftheMatch award of the day ?#CRODEN #WorldCup https://t.co/2XfblBT7ki
football,"RT @FCBarcelona: ?? @ivanrakitic scores the winning penalty to send @HNS_CFF into the #WorldCup quarter-finals, where they'll face Russia!ü??"
football,RT @Squawka: Only two goalkeepers have saved three penalties in a #WorldCup penalty shoot-out: 1/7/2006: #POR's Ricardo vs. #ENG 1/7/20ü??
football,"RT @AJEnglish: For Parisü?? poor suburbs, thereü??s hope in Mbappe https://t.co/9OV6vTlsHJ #WorldCup #FRAARG"
football,RT @premierleague: Pure drama.Despite Kasper Schmeichel's heroics for #DEN &amp; Mathias Zanka becoming Huddersfield's first ever #WorldCup sü??
football,RT @unibet: #FRA v #ARG - seven of eight shots on target were goals. Guess who let the side down...? Griezmann? Di Maria? Mercado? Pavü??
football,An incredible day of #worldcup Catch #BrazilvsMexico &amp; #BelgiumvsJapan @tap_tavern tomorrow from 4pm https://t.co/BF1lrlvFPk
football,RT @FIFAWorldCup: Kasper Schmeichel takes the final @Budweiser #ManoftheMatch award of the day ?#CRODEN #WorldCup https://t.co/2XfblBT7ki
football,RT @COED: Russia and Croatia advance after an epic day of #WorldCup action. Check out the updated bracket: https://t.co/0vpcJkH9G8 https://ü??
football,RT @SuperSportBlitz: Midfielder Andres Iniesta has announced his retirement from international football following Spain's loss to Russia inü??
football,RT @worldcupstarss: My man of the match#WorldCup#CRODEN https://t.co/s5meT70GNR
football,RT @Footy_JokesOG: ?? Kasper Schmeichel:Saves penalty in Extra TimeSaves 2 penalties in shootout.Still knocked out of the #WorldCupü??
football,RT @FIFAWorldCup: Kasper Schmeichel takes the final @Budweiser #ManoftheMatch award of the day ?#CRODEN #WorldCup https://t.co/2XfblBT7ki
football,RT @Sporf: ?? Kasper Schmeichel vs Croatia:? Saves penalty in Extra Time? Saves 2 penalties in shootout.? Still knocked out of the #Wü??
football,"RT @henrywinter: Subasic outstanding, #cro kept their nerve but that is so unbelievably cruel on Kasper Schmeichel. #den keeper been absoluü??"
football,RT @LFCUSA: HE'S THROUGH ??Dejan and Croatia are on to the #WorldCup quarterfinals! https://t.co/uOtqn2R84M
football,RT @FIFAWorldCup: Kasper Schmeichel takes the final @Budweiser #ManoftheMatch award of the day ?#CRODEN #WorldCup https://t.co/2XfblBT7ki
football,RT @ktaha60: A minute of silence for people whoü??re not into football  #CRODEN #WorldCup https://t.co/0MnbaXK8kq
football,"RT @Datzmenoni: Germany OutArgentina OutPortugal OutSpain Out 2nd Samuel 1:27 Oh, how the mighty heroes have fallen! Stripped of theiü??"
football,RT @FIFAWorldCup: Kasper Schmeichel takes the final @Budweiser #ManoftheMatch award of the day ?#CRODEN #WorldCup https://t.co/2XfblBT7ki
football,RT @Sporf: ? Eliminated from #WorldCup?? Germany?? Argentina?? Portugal?? Spain ? Itü??s coming home. https://t.co/cKj3WCwyx9
football,RT @Squawka: Only two goalkeepers have saved three penalties in a #WorldCup penalty shoot-out: 1/7/2006: #POR's Ricardo vs. #ENG 1/7/20ü??
football,RT @Footy_JokesOG: This is the man who knocked Denmark out of #WorldCup https://t.co/xeuv5bzqg7
football,RT @iamscholes: 2 penalty shootouts in one day. Love when games have to be decided by penalties #WorldCup
football,#TheRabbit Proved  instrumental  compared to  #TheGoats@lukamodric10 #worldcup
football,RT @Jacob_S_Davis: Slaven Billic clearly not happy with his highlight reel...#WorldCup @itvfootball
football,Maybe Spain and Denmark will get participation trophies. #WorldCup
football,RT @FIFAWorldCup: Kasper Schmeichel takes the final @Budweiser #ManoftheMatch award of the day ?#CRODEN #WorldCup https://t.co/2XfblBT7ki
football,RT @BBCMOTD: Only two goalkeepers in history have saved three penalties in a #WorldCup penalty shootout...Ricardo for #POR against #ENG iü??
football,"RT @InTheDarkIShine: Russia knocking off super powers right and left. First Hillary, now Spain #worldcup"
football,RT @WorIdCupUpdates: World Cup quarter-finals:?? France vs Uruguay ???? Russia vs Croatia ??#WorldCup https://t.co/ncsFZ6gLuW
football,RT @julzsherura: This #WorldCup has been Hold my beer moments all through.
football,RT @Sporf: ??????? @England's route to #WorldCup Final:Round of 16:?? ColombiaQuarter-Finals??Switzerland or ??Sweden Semi-Finals:ü??
football,RT @FIFAWorldCup: Kasper Schmeichel takes the final @Budweiser #ManoftheMatch award of the day ?#CRODEN #WorldCup https://t.co/2XfblBT7ki
football,Yesterday's loss:Messi ??CR ??Today:Iniesta ??Tomorrow:Neymar ??#WorldCup #WorldCup18
football,RT @joe1chehade: ?? is out ?? is out ?? is out ?? is out WHAT EVEN IS THIS WORLDCUP? #SpainVSRussia
football,"RT @Bosslogic: So close, yet so far... #WorldCup #Cristiano #Ronaldo #Messi https://t.co/OMLo4C8hmd"
football,RT @jaustinuche: CROATIA deserves to go through. What A Game! #CRODEN #WorldCup
football,RT @PaulCarrTM: ?? Croatiaü??s two #WorldCup quarterfinal appearances since 1998 (when Croatia was first eligible) are the same as each of thü??
football,RT @BBCSport: Two of the four #WorldCup quarter finals have been decided...6th July:3pm: #FRA v #URU 7th July: 7pm: #RUS v #CROStilü??
football,RT @FIFAWorldCup: Key stats: ? #RUS are only the second team to concede two own goals at a #WorldCup (after Bulgaria in 1966)? #ESP havü??
football,Teams qualify for the Quarter-Finals#FRA (06 JUL)  #URU#???   (06 JUL)  #???#???   (07 JUL)  #???#RUS (07 JUL)  #CRO#WorldCup #Rusia2018  #Russia2018 https://t.co/vHdXoLKqb6
football,Somebody told me yesterday that soccer was boring. LOL. #WorldCup
football,RT @FIFAWorldCup: Kasper Schmeichel takes the final @Budweiser #ManoftheMatch award of the day ?#CRODEN #WorldCup https://t.co/2XfblBT7ki
football,RT @IndyFootball: Andres Iniesta retires from international duty immediately after Spain are knocked out of #WorldCup 2018: https://t.co/Yvü??
football,RT @FIFAWorldCup: Kasper Schmeichel takes the final @Budweiser #ManoftheMatch award of the day ?#CRODEN #WorldCup https://t.co/2XfblBT7ki
football,What's better than a world cup game going to penalties? Two fucking games OMFFGG!!!! ?????? #WorldCup #WorldCup2018  #WorldCupRussia2018 #Worldcup2018Russia #SpainVSRussia #CroatiavsDenmark #penalties #soccer #futbol #f??tbol
football,"Slavan Bilic is such a miserable tit.So what, your reactions were recorded and replayed. Don't be a dick about it, you supported Croatia as expected, no one will have a go for being biased.#WorldCup"
football,RT @getbigred: .@Volkswagen just pushing their cars on all the #worldcup games TV ads. Just ignore that they lied to their customers for yeü??
football,RT @OptaJohan: 5 - Croatia - Denmark is the first penalty shoot-out with five penalties saved by the goalkeeper in #WorldCup history. Heroeü??
football,RT @Squawka: Only two goalkeepers have saved three penalties in a #WorldCup penalty shoot-out: 1/7/2006: #POR's Ricardo vs. #ENG 1/7/20ü??
football,Blimey ? #ENG #WorldCup https://t.co/B4Uo9y13Nn
football,RT @shimatey: RECORD: 5 penalties missed in a shoot out at the #WorldCupYugoslavia-Argentina 1990Spain-Republic of Ireland 2002England-Pü??
football,But he buckled under the pressure for consistency?#CRODEN #WorldCup https://t.co/uGKjue9ZZ9
football,RT @Sporf: ?? Kasper Schmeichel vs Croatia:? Saves penalty in Extra Time? Saves 2 penalties in shootout.? Still knocked out of the #Wü??
football,RT @SBNation: After two days of the #WorldCup Round of 16: OUT: ? Argentina? Portugal? Spain? DenmarkMoving on: ? France? Uruguayü??
football,RT @Footy_JokesOG: ?? Kasper Schmeichel:Saves penalty in Extra TimeSaves 2 penalties in shootout.Still knocked out of the #WorldCupü??
football,"RT @OptaJoe: 1 - Croatia have qualified for their first World Cup quarter-final since 1998, when they went on to finish third in the tournaü??"
football,RT @DaleJohnsonESPN: One of these nations will be in the #WorldCup final two weeks today:Colombia ??Croatia ??Denmark ??Englandü??
football,RT @SoccerCooligans: This really is the greatest World Cup of all time.No one has a clue wtf is going to happen and itü??s amazing#worldcü??
football,That anyone will watch this Crotia vs  Denmark game and describe it as boring is funny. To some ppl every draw game is boring. I saw some of the best control of the ball today from both sides. #CRODEN #WorldCup
football,Well done Russia and Croatia #WorldCup #RUS #CRO
football,RT @Squawka: Goals scored at the #WorldCup by club:Huddersfield Town: 1Bayern Munich: 0???? https://t.co/rKQ2TzJo10
football,RT @FIFAWorldCup: Kasper Schmeichel takes the final @Budweiser #ManoftheMatch award of the day ?#CRODEN #WorldCup https://t.co/2XfblBT7ki
football,RT @BBCMOTD: One of these nations will be in the #WorldCup final on July 15th:#RUS #CRO #DEN #SWE #SUI #COL #ENG How about that?ü??
football,RT @barstoolsports: Game. Croatia. #WorldCup https://t.co/O8XGrvFfrP
football,"RT @LCFC: A save from the spot in extra-time and two in the shootout, but #DEN exit the #WorldCup as Croatia win 3-2 on penalties. Commisü??"
football,RT @Squawka: Only two goalkeepers have saved three penalties in a #WorldCup penalty shoot-out: 1/7/2006: #POR's Ricardo vs. #ENG 1/7/20ü??
football,"RT @henrywinter: Subasic outstanding, #cro kept their nerve but that is so unbelievably cruel on Kasper Schmeichel. #den keeper been absoluü??"
football,RT @haveigotnews: Russia secure most unexpected victory since 2016.#WorldCup https://t.co/V29ZBwYyz9
football,I see #Russia winning this #WorldCup from the #VAR room https://t.co/NUyxiBYShm
football,RT @WCGoalz: World Cup quarter-finals so far:?? France vs Uruguay ???? Russia vs Croatia ??#WorldCup https://t.co/OL5sCP9Xrr
football,RT @Footy_JokesOG: ?? Kasper Schmeichel:Saves penalty in Extra TimeSaves 2 penalties in shootout.Still knocked out of the #WorldCupü??
football,RT @Squawka: Only two goalkeepers have saved three penalties in a #WorldCup penalty shoot-out: 1/7/2006: #POR's Ricardo vs. #ENG 1/7/20ü??
football,RT @KhaledBeydoun: Give both goalkeepers the man of the match award.  #WorldCup
football,The United Nation just named July 1st as International Goalkeeper Day. #WorldCup https://t.co/JXjcljoFS3
football,@stipemiocic #CRO #WorldCup will you be able to properly enjoy the match Saturday before another successful defense? #ANDSTILL
football,RT @melbale9: Feel a little bit sorry for Denmark particularly schmeichel saving a penalty to get to penalties only to have your team matesü??
football,Hope Brazil v Mexico is a cracker tomorrow #WorldCup
football,RT @FlFAWC2018: Peter Schmeichel reacting to his sons penalty save is one of the best moments in this #WorldCup #CRODEN https://t.co/CH7Q8uü??
football,RT @TrollFootball: The #WorldCup of upsets https://t.co/lY4CU7fWYU
football,RT @MrFilmkritik: Germany: outArgentina: outPortugal: outSpain: outBrazil: *nervous laughter*#WorldCup #ESPRUS #ESP
football,RT @FIFAWorldCup: Kasper Schmeichel takes the final @Budweiser #ManoftheMatch award of the day ?#CRODEN #WorldCup https://t.co/2XfblBT7ki
football,RT @FIFAWorldCup: Kasper Schmeichel takes the final @Budweiser #ManoftheMatch award of the day ?#CRODEN #WorldCup https://t.co/2XfblBT7ki
football,RT @Sporf: ??????? @England's route to #WorldCup Final:Round of 16:?? ColombiaQuarter-Finals??Switzerland or ??Sweden Semi-Finals:ü??
football,RT @LaLigaEN: ?? @Vrsaljko ?? @lukamodric10 ?? @ivanrakitic ?? @Mateo_Kova23 Croatia book their place in the #WorldCup quarter-finalsü??
football,"RT @HNS_CFF: ?????? Congratulations to #Croatia, who survives a late penalty drama to reach the @FIFAWorldCup quarterfinals stage!#CRO #Bü??"
football,Gosh #LoveIsland after sun is on now then #WORLDCUP highlights when am I supposed to shower and wash my hair AND DRY it??!!
football,"RT @SimplyUtd: Father like son, the passion???? #WorldCup https://t.co/0HqPCuDAUu"
football,RT @fczenit_en: Russia through to the quarters and Sergio Ramos is crying.BEST. WORLD. CUP. EVER!#ESPRUS #WorldCup https://t.co/m1fuaflAZL
football,"Another day of drama, 2 penalty shootouts, #CRO and #RUS held their nerves to make it through to the quarter-finals. #WorldCup"
football,RT @FIFAWorldCup: Kasper Schmeichel takes the final @Budweiser #ManoftheMatch award of the day ?#CRODEN #WorldCup https://t.co/2XfblBT7ki
football,"RT @henrywinter: Subasic outstanding, #cro kept their nerve but that is so unbelievably cruel on Kasper Schmeichel. #den keeper been absoluü??"
football,RT @FIFAWorldCup: There's definitely a game on when we come back.#ESPRUS // #WorldCup https://t.co/0v7mfGl96P
football,RT @fczenit_en: Russia through to the quarters and Sergio Ramos is crying.BEST. WORLD. CUP. EVER!#ESPRUS #WorldCup https://t.co/m1fuaflAZL
football,RT @WorldSportsBet: PENALTY SHOOTOUT ü?? Croatia 0-1-1-0-1Denmark 0-1-1-0-0Whoa!We've never seen so many saves!Croatia win the PENALTü??
football,RT @TaylorTwellman: Welcome Dear. #WorldCup https://t.co/qpSGzIv659
football,RT @FIFAWorldCup: Kasper Schmeichel takes the final @Budweiser #ManoftheMatch award of the day ?#CRODEN #WorldCup https://t.co/2XfblBT7ki
football,RT @GracenoteLive: RECORD: 5 penalties missed in a shoot out at the #WorldCupYugoslavia-Argentina 1990Spain-Republic of Ireland 2002Englü??
football,RT @FIFAWorldCup: Kasper Schmeichel takes the final @Budweiser #ManoftheMatch award of the day ?#CRODEN #WorldCup https://t.co/2XfblBT7ki
football,Schmeichel great saves and didnü??t even mess up his hair #WorldCup #DEN #Schmeichel
football,RT @paddypower: Latest #WorldCup betting after the weekend's action:7/2 #FRA7/2 #BRA5/1 #CRO11/2 #ENG6/1 #BEL14/1 #URU18/1 #COL18/ü??
football,"RT @OptusSport: What a roller coaster ride that was!And it's all thanks to the man of the moment, Kasper Schmeichel.What a fantastic saü??"
football,RT @FIFAWorldCup: Kasper Schmeichel takes the final @Budweiser #ManoftheMatch award of the day ?#CRODEN #WorldCup https://t.co/2XfblBT7ki
football,"Congratulations, #Croatia/#Hrvatska, on making it to the #QuarterFinals!I've been rooting for you since your first game this #WorldCup!Now give Russia hell, make it to the Final, and take home the Cup!"
football,"RT @OptaJoe: 1 - Croatia have qualified for their first World Cup quarter-final since 1998, when they went on to finish third in the tournaü??"
football,There were five penalties missed during the shoot-out of #CRO vs. #DEN. No penalty shoot-out in #WorldCup history has seen more unsuccessful attempts from the spot. https://t.co/TR08ff21lY
football,#WorldCup 2018: Croatia secures Quarterfinals Spot after 3 ü?? 2 Penalties win over?òDenmark https://t.co/6n8q7rDvuM https://t.co/FGbe2867d5
football,RT @WhistleSport1: Spain's record against host nations at the #WorldCup:1934 vs. #ITA: 1-11934 vs. #ITA: 0-11950 vs. #BRA: 1-62002 vs.ü??
football,Bilic was well pissed when they showed us his reactions ? #WorldCup #CRODEN
football,RT @ChampionsLeague: ?? The key player for Brazil on Monday? ?#UCL #WorldCup https://t.co/kOnFaNhlfC
football,RT @realmadriden: ?? Croatia 1-1 ?? Denmark (3-2 pens)?? @lukamodric10? @Mateo_Kova23? Two more madridistas to quarter finals#WorldCupü??
football,RT @barstoolsports: Game. Croatia. #WorldCup https://t.co/O8XGrvFfrP
football,One of the greatest penalty shootouts Iü??ve ever seen in the #WorldCupDonü??t think we will ever see anything like that! 5 Freaking saves!!!! Thatü??s crazy!! https://t.co/PZI2HwGza1
football,RT @thelivesoccer_: Croatia join Russia in the Quarter finals of the #WorldCup after winning 3-2 in a thrilling penalty shootout https://t.ü??
football,RT @Footy_Vines: David De Gea at the #WorldCup... https://t.co/GS1jG4R6hI
football,"RT @FCBarcelona: ?? @ivanrakitic scores the winning penalty to send @HNS_CFF into the #WorldCup quarter-finals, where they'll face Russia!ü??"
football,RT @FIFAWorldCup: Kasper Schmeichel takes the final @Budweiser #ManoftheMatch award of the day ?#CRODEN #WorldCup https://t.co/2XfblBT7ki
football,RT @Pschmeichel1: Is this a coincidence??? ????? #WorldCup https://t.co/xCzmzFAHPW
football,RT @XollyMnyandu: WATCH IT #DateMyFamily  #relationships #relationshipgoals #LoveIslandAftersun #xollymnyandu #xollyspacemedia  #WorldCup #ü??
football,"RT @HNS_CFF: ?????? Congratulations to #Croatia, who survives a late penalty drama to reach the @FIFAWorldCup quarterfinals stage!#CRO #Bü??"
football,RT @FIFAWorldCup: Kasper Schmeichel takes the final @Budweiser #ManoftheMatch award of the day ?#CRODEN #WorldCup https://t.co/2XfblBT7ki
football,RT @FIFAWorldCup: Kasper Schmeichel takes the final @Budweiser #ManoftheMatch award of the day ?#CRODEN #WorldCup https://t.co/2XfblBT7ki
football,RT @SpursOfficial: ?? Heartbreak for @ChrisEriksen8 as Denmark exit the #WorldCup after a penalty shootout defeat to Croatia. https://t.co/ü??
football,That was outrageous! ?? and ?? keepers were amazing today!   #CRODEN #HistoryMaker #WorldCup
football,RT @Squawka: Only two goalkeepers have saved three penalties in a #WorldCup penalty shoot-out: 1/7/2006: #POR's Ricardo vs. #ENG 1/7/20ü??
football,So #WorldCup QF it might have 7 European countries and 1 south American country or either 6 European and an Asian country as well as South American country. Can't wait for tomorrow straight.
football,Slav looking a tad pissed off there ... could be an interesting commercial break #ITV #CRO #WorldCup
football,"Surely no other nation's fans wastes so much time pondering who their team MIGHT play IF their team wins the next knockout match, which they've only done twice since 1990. #England #WorldCup #WorldCup2018"
football,RT @FIFAWorldCup: Kasper Schmeichel takes the final @Budweiser #ManoftheMatch award of the day ?#CRODEN #WorldCup https://t.co/2XfblBT7ki
football,RT @worldcupstarss: My man of the match#WorldCup#CRODEN https://t.co/s5meT70GNR
football,RT @FootbalIStuff: ? - One of the best pictures of the #WorldCup. https://t.co/WkqZ1L9Jnc
football,RT @FIFAWorldCup: Kasper Schmeichel takes the final @Budweiser #ManoftheMatch award of the day ?#CRODEN #WorldCup https://t.co/2XfblBT7ki
football,RT @Sporf: ?? Kasper Schmeichel vs Croatia:? Saves penalty in Extra Time? Saves 2 penalties in shootout.? Still knocked out of the #Wü??
football,"RT @xtinap1: Subasic &amp; Schmeichel deserve all the credits for tonight, both are amazing goalkeepers ???  #CRODEN #WorldCup"
football,"#CRODEN What a game it was !!! Haven't witnessed a crazier game like this before.Well done #DEN &amp; #CRO , especially the goalies of both teams.#WorldCup #Memorable https://t.co/JIgmw0BnZl"
football,RT @BrentfordFC: ?? Henrik's #WorldCup comes to a heart-breaking end after a penalty shootout defeat to Croatia tonightYou've done us proü??
football,This #WorldCup has been Hold my beer moments all through.
football,RT @Footy_JokesOG: Peter Schmeichel in the stands watching his son saving Penalty #WorldCup https://t.co/A3zKxP0SqW
football,Shoot-outs are the most intense moments in all of sports #wow #WorldCup
football,RT @TruthInsideOut: Morgan Freeman Thinks the Muslim Call to Prayer is One of the Most Beautiful Sounds in the WorldChat now: https://t.coü??
football,Subasic entering the dressing room after the match like: #WorldCup #AlphaMedia #CRODAN https://t.co/2pEMYstdOa
football,RT @Bundesliga_EN: Bring on the hosts ? ?? #WorldCup #CRODEN https://t.co/S7RzuhLHPg
football,RT @FIFAWorldCup: Kasper Schmeichel takes the final @Budweiser #ManoftheMatch award of the day ?#CRODEN #WorldCup https://t.co/2XfblBT7ki
football,RT @Footy_WAGs: #WorldCup Come on #CRO  ? https://t.co/OJeZTUYymE
football,"England will never have a better chance of reaching the #WorldCup final than needing to beat Colombia; Switzerland or Sweden; and Russia or Croatia. The problem is those teams will be thinking the same, with our countryü??s name in place of theirs. #Eng"
football,RT @FIFAWorldCup: Kasper Schmeichel takes the final @Budweiser #ManoftheMatch award of the day ?#CRODEN #WorldCup https://t.co/2XfblBT7ki
football,RT @BBCMOTD: ?The end of an era. Andres Iniesta confirms his retirement after #ESP exit the #WorldCup https://t.co/jJHNWqvIOH
football,"RT @1stCentral: To celebrate the #ThreeLions making it into the last 16 of the #WorldCup, we've jumbled up one of our player's names. Can yü??"
football,RT @IndyFootball: ?? Russia?? Croatia?? Denmark?? Sweden?? Switzerland ?? Colombia??????? EnglandOne of them will be in the #WorldCü??
football,"RT @IndyFootball: Only two goalkeepers have saved three penalties in a #WorldCup penalty shootout:?? Ricardo (vs. England, 2006)?? Danijü??"
football,RT @KnoxTainment: Some French Squad Players and their Heritage :Paul Pogba - GuineaSamuel Umtiti - CameroonN'Golo Kante - MaliBlaisü??
football,"RT @kennymunro: Not now, Nacho. #SPARUS #ESPRUS #WorldCup #worldcup2018 #Worldcup2018Russia https://t.co/GQ6OpDyakG"
football,RT @Squawka: Six players have now scored for #CRO at the 2018 #WorldCup: ?? Luka Modric?? Ivan Rakitic?? Ante Rebic?? Ivan Perisic??ü??
football,Croatia vs. Denmark: World Cup 2018 Live - The New York Times https://t.co/bArj2n7QKb #WorldCup #FIFAWorldCup #soccer #FIFA #Football #Russia2018 #FIFAWorldCup2018 #Worldcup2018 #CroatiavsDenmark #Croatia #Denmark #CRO #DEN #CRODEN
football,RT @fussballerisch: French commentatorsü?? reaction to Pavardü??s goal is priceless.#FRA #FRAARG #WorldCup https://t.co/JCFx1uoE6C
football,RT @Dloading: France or Belgium winning  #WorldCup
football,RT @FIFAWorldCup: Kasper Schmeichel takes the final @Budweiser #ManoftheMatch award of the day ?#CRODEN #WorldCup https://t.co/2XfblBT7ki
football,"RT @ChampionsLeague: Much to enjoy on Saturday for France ??, Uruguay ?? ... &amp; Paris Saint-Germain.#UCL #WorldCup https://t.co/Ak20QuuuRH"
football,RT @EASPORTSFIFA: Goalkeepers duel.#CRO narrowly defeats #DEN in penalties and move on to the quarterfinals!#WorldCup https://t.co/pGMpü??
football,RT @FIFAWorldCup: Kasper Schmeichel takes the final @Budweiser #ManoftheMatch award of the day ?#CRODEN #WorldCup https://t.co/2XfblBT7ki
football,Retweeted FIFA World Cup ? (@FIFAWorldCup):Kasper Schmeichel takes the final @Budweiser #ManoftheMatch award of the day ?#CRODEN #WorldCup https://t.co/MpUR9DKZjj https://t.co/YtZrF4dKO4
football,RT @HNS_CFF: ?????PS @ivanrakitic SCOREEEEEEEEEEEEEEEEEEES#CRODEN #WorldCup #Vatreni?
football,"RT @FIFAWorldCup: However, with Mario Mandzukic's effort hitting the back of the net on 3:37, it does beat that game as the fastest occasioü??"
football,RT @FIFAWorldCup: Kasper Schmeichel takes the final @Budweiser #ManoftheMatch award of the day ?#CRODEN #WorldCup https://t.co/2XfblBT7ki
